Buenos Aires,Hospital de Infecciosas Francisco Javier Muniz,6547
Buenos Aires,Hospital de Infecciosas Francisco Javier Muniz,5006
Buenos Aires,Hospital de Infecciosas Francisco Javier Muniz,9349
Buenos Aires,Hospital de Infecciosas Francisco Javier Muniz,3222
Buenos Aires,Hospital de Infecciosas Francisco Javier Muniz,8173
Buenos Aires,Hospital de Infecciosas Francisco Javier Muniz,2408
Buenos Aires,Hospital de Infecciosas Francisco Javier Muniz,862
Buenos Aires,Hospital de Infecciosas Francisco Javier Muniz,5982
Buenos Aires,Hospital de Infecciosas Francisco Javier Muniz,7899
Buenos Aires,Hospital de Infecciosas Francisco Javier Muniz,1970
Buenos Aires,Hospital de Infecciosas Francisco Javier Muniz,6858
Buenos Aires,Hospital de Infecciosas Francisco Javier Muniz,6288
Buenos Aires,Previvax,9163
Buenos Aires,Previvax,8223
Buenos Aires,Previvax,1774
Buenos Aires,Previvax,739
Buenos Aires,Previvax,1027
Buenos Aires,Previvax,5388
Buenos Aires,Previvax,7190
Buenos Aires,Previvax,936
Buenos Aires,Previvax,8609
Buenos Aires,Previvax,4086
Buenos Aires,Previvax,9514
Buenos Aires,Previvax,390
Buenos Aires,Previvax,6339
Buenos Aires,Previvax,3625
Buenos Aires,Previvax,4426
Buenos Aires,Previvax,5457
Buenos Aires,Previvax,4320
Buenos Aires,Previvax,9866
Buenos Aires,Previvax,8574
Buenos Aires,Previvax,9661
Buenos Aires,Previvax,7823
Buenos Aires,Previvax,5032
Buenos Aires,Tecnopolis,3074
Buenos Aires,Tecnopolis,6615
Buenos Aires,Tecnopolis,3051
Buenos Aires,Tecnopolis,4007
Buenos Aires,Tecnopolis,3834
Buenos Aires,Tecnopolis,2016
Buenos Aires,Tecnopolis,3026
Buenos Aires,Tecnopolis,8520
Buenos Aires,Tecnopolis,6362
Buenos Aires,Tecnopolis,7194
Buenos Aires,Tecnopolis,4950
Buenos Aires,Tecnopolis,2055
Buenos Aires,Tecnopolis,2325
Buenos Aires,Tecnopolis,4929
Cordoba,Centro de salud N22,8541
Cordoba,Centro de salud N22,9446
Cordoba,Centro de salud N22,6389
Cordoba,Centro de salud N22,701
Cordoba,Centro de salud N22,5987
Cordoba,Centro de salud N22,83
Cordoba,Centro de salud N22,8141
Cordoba,Centro de salud N22,2955
Cordoba,Centro de salud N22,7036
Cordoba,Centro de salud N22,9875
Cordoba,Centro de salud N22,9178
Cordoba,Centro de salud N22,8094
Cordoba,Centro de salud N22,433
Cordoba,Centro de salud N22,136
Cordoba,Provac,2544
Cordoba,Provac,2128
Cordoba,Provac,835
Cordoba,Provac,6426
Cordoba,Provac,925
Cordoba,Provac,1683
Cordoba,Provac,780
Cordoba,Provac,6412
Cordoba,Provac,8111
Cordoba,Provac,6841
Cordoba,Provac,8780
Cordoba,Provac,603
Cordoba,Provac,2962
Cordoba,Provac,8220
Cordoba,Provac,1774
Cordoba,Provac,8508